{
  "P@1": 19.32944606413994,
  "R@1": 9.69237787034754,
  "Hit@1": 19.32944606413994,
  "P@5": 7.580174927113703,
  "R@5": 16.98203165407703,
  "Hit@5": 32.94460641399417,
  "P@10": 4.7871720116618075,
  "R@10": 20.323725187302006,
  "Hit@10": 38.45481049562682,
  "P@15": 3.7240038872691934,
  "R@15": 22.879699622487777,
  "Hit@15": 42.59475218658892,
  "mAP@1": 9.69237787034754,
  "mAP@5": 12.761132545093073,
  "mAP@10": 13.314571110756907,
  "mAP@15": 13.582632539385383,
  "PR@K_curve": {
    "K": [
      1,
      2,
      3,
      4,
      5,
      6,
      7,
      8,
      9,
      10,
      11,
      12,
      13,
      14,
      15
    ],
    "precision": [
      0.1932944606413994,
      0.13411078717201166,
      0.10320699708454774,
      0.08666180758017493,
      0.07580174927113588,
      0.06705539358600532,
      0.06068304872969513,
      0.05557580174927114,
      0.05170068027210983,
      0.047871720116617056,
      0.04516300026504185,
      0.04261418853255585,
      0.04052478134110853,
      0.03869221157850854,
      0.03724003887269194
    ],
    "recall": [
      0.09692377870347552,
      0.1285112581525537,
      0.14562967010163944,
      0.15918950843715962,
      0.16982031654077026,
      0.1772842670804829,
      0.18604938999444082,
      0.19157662039484835,
      0.19843012401314042,
      0.20323725187302047,
      0.20847639991048367,
      0.21238070826832386,
      0.21722139259568435,
      0.22210864297762112,
      0.22879699622487842
    ]
  },
  "mAP": 13.582632539385383,
  "num_queries_for_mAP": 3430,
  "atk_coverage(%)": 100.0
}