{
  "P@1": 19.47521865889213,
  "R@1": 9.925577398499946,
  "Hit@1": 19.47521865889213,
  "P@5": 7.690962099125365,
  "R@5": 17.112464318973895,
  "Hit@5": 33.265306122448976,
  "P@10": 4.871720116618077,
  "R@10": 20.442770651361226,
  "Hit@10": 39.2128279883382,
  "P@15": 3.755102040816327,
  "R@15": 23.01032331834537,
  "Hit@15": 43.06122448979592,
  "mAP@1": 9.925577398499946,
  "mAP@5": 12.987320732042201,
  "mAP@10": 13.52718585978882,
  "mAP@15": 13.792378169374453,
  "PR@K_curve": {
    "K": [
      1,
      2,
      3,
      4,
      5,
      6,
      7,
      8,
      9,
      10,
      11,
      12,
      13,
      14,
      15
    ],
    "precision": [
      0.1947521865889213,
      0.13556851311953352,
      0.10534499514091308,
      0.08855685131195336,
      0.07690962099125245,
      0.06797862001943578,
      0.06126613910870388,
      0.0564868804664723,
      0.05238095238095339,
      0.04871720116617974,
      0.04548104956268299,
      0.04305150631681247,
      0.040883606189729256,
      0.039087880049978825,
      0.0375510204081633
    ],
    "recall": [
      0.09925577398499962,
      0.13104548243639383,
      0.1482076536039159,
      0.16255476694950724,
      0.17112464318973886,
      0.17876416621639685,
      0.18493422542247612,
      0.1942173772955981,
      0.1997579887316752,
      0.2044277065136127,
      0.20924314056037746,
      0.2139947711566965,
      0.22018089305907915,
      0.2252564458545441,
      0.23010323318345438
    ]
  },
  "mAP": 13.792378169374453,
  "num_queries_for_mAP": 3430,
  "atk_coverage(%)": 100.0
}