{
  "P@1": 19.67930029154519,
  "R@1": 9.851428061779691,
  "Hit@1": 19.67930029154519,
  "P@5": 7.620991253644316,
  "R@5": 17.047510458220046,
  "Hit@5": 33.265306122448976,
  "P@10": 4.810495626822157,
  "R@10": 20.437081432003172,
  "Hit@10": 39.00874635568513,
  "P@15": 3.7278911564625843,
  "R@15": 22.78636462639602,
  "Hit@15": 42.6530612244898,
  "mAP@1": 9.851428061779691,
  "mAP@5": 12.877930594081299,
  "mAP@10": 13.437452096381358,
  "mAP@15": 13.69592754202253,
  "PR@K_curve": {
    "K": [
      1,
      2,
      3,
      4,
      5,
      6,
      7,
      8,
      9,
      10,
      11,
      12,
      13,
      14,
      15
    ],
    "precision": [
      0.1967930029154519,
      0.13338192419825073,
      0.10437317784256525,
      0.08811953352769679,
      0.07620991253644196,
      0.06783284742468358,
      0.061349437734276535,
      0.05608600583090379,
      0.05163589245221999,
      0.04810495626822055,
      0.04548104956268299,
      0.04310009718172978,
      0.040816326530612866,
      0.0388796334860471,
      0.03727891156462587
    ],
    "recall": [
      0.09851428061779702,
      0.12907299818773435,
      0.1464885890595038,
      0.16173640516975094,
      0.17047510458220033,
      0.17935619559071445,
      0.18725829518918374,
      0.19387906433299443,
      0.19906828016139094,
      0.2043708143200321,
      0.21009702364745753,
      0.21554186301775516,
      0.21975331349493352,
      0.22331736136792366,
      0.22786364626396066
    ]
  },
  "mAP": 13.69592754202253,
  "num_queries_for_mAP": 3430,
  "atk_coverage(%)": 100.0
}