{
  "P@1": 19.24198250728863,
  "R@1": 9.982198008806472,
  "Hit@1": 19.24198250728863,
  "P@5": 8.3265306122449,
  "R@5": 18.652431783175274,
  "Hit@5": 34.19825072886297,
  "P@10": 5.475218658892129,
  "R@10": 22.535898760093204,
  "Hit@10": 40.524781341107875,
  "P@15": 4.279883381924199,
  "R@15": 24.859146614833467,
  "Hit@15": 44.518950437317784,
  "mAP@1": 9.982198008806472,
  "mAP@5": 13.729232642226572,
  "mAP@10": 14.427004323183173,
  "mAP@15": 14.695874904489848,
  "PR@K_curve": {
    "K": [
      1,
      2,
      3,
      4,
      5,
      6,
      7,
      8,
      9,
      10,
      11,
      12,
      13,
      14,
      15
    ],
    "precision": [
      0.1924198250728863,
      0.13819241982507288,
      0.11107871720116543,
      0.09467930029154518,
      0.0832653061224476,
      0.07444120505344932,
      0.06801332778009068,
      0.06268221574344024,
      0.05856818918043519,
      0.05475218658892025,
      0.051523986217864685,
      0.04905247813411081,
      0.046445391343350746,
      0.044356518117451234,
      0.04279883381924178
    ],
    "recall": [
      0.09982198008806475,
      0.13633602162586325,
      0.15717684696514114,
      0.17380327915505986,
      0.18652431783175266,
      0.19610470523861345,
      0.20570943375574358,
      0.21222437767292374,
      0.21829042639776847,
      0.22535898760093223,
      0.22978336014061226,
      0.23510324425416362,
      0.2396027116046363,
      0.24350925532494183,
      0.248591466148335
    ]
  },
  "mAP": 14.695874904489848,
  "num_queries_for_mAP": 3430,
  "atk_coverage(%)": 100.0
}